Search term,Currency,Clicks,Avg. CPC,Avg. Cost,Conversions,CTR,Impressions,Conv. value,Conv. rate,Avg. position
infrared sauna,USD,"27,100",2.77,2.77,123.1,2.07%,"1,311,672","37,603.25",0.45%,0.98
celebration saunas,USD,"1,377",1.27,1.27,119.95,11.73%,"11,738","36,101.50",8.72%,0.24
www infraredsaunaparts com,USD,1,7.5,7.5,22,100.00%,1,"10,127.00",2200.00%,1
celebration sauna,USD,499,1.01,1.01,25.63,20.92%,"2,385","6,561.83",5.16%,0.44
hhttps celebrationsaunas com product category 0 ultra low emf saunas full spectrum,USD,1,5.86,5.86,5,100.00%,1,"6,237.50",500.00%,1
far infrared sauna,USD,"3,161",3.12,3.12,16.07,3.55%,"89,087","4,308.00",0.51%,1.07
saunas,USD,"2,099",2.57,2.57,13.3,1.61%,"130,058","2,708.00",0.63%,0.83
infrared saunas,USD,"1,385",3.09,3.09,12,3.97%,"34,868","2,432.00",0.87%,1.48
celebrationsaunas com,USD,34,1.18,1.18,11,85.00%,40,"2,411.00",32.35%,1.05
medical saunas,USD,168,2.79,2.79,5,5.64%,"2,979","2,350.00",2.98%,1.08
golden design saun,USD,1,2.33,2.33,3,100.00%,1,"2,280.00",300.00%,1
thermal life sauna,USD,65,1.29,1.29,6,30.66%,212,"1,950.00",9.23%,2
sauna,USD,"7,711",1.86,1.86,8.2,0.89%,"866,300","1,935.50",0.11%,0.4
3 person sauna,USD,353,1.53,1.53,5.8,2.65%,"13,308","1,850.00",1.64%,0.2
infrared 6 person sauna,USD,3,2.31,2.31,2,75.00%,4,"1,780.00",66.67%,3
saturn 4 person corner sauna,USD,8,3.35,3.35,2,61.54%,13,"1,780.00",25.00%,0.54
celebration big bang sauna,USD,1,2.54,2.54,2,100.00%,1,"1,780.00",200.00%,2
infrared home sauna for 6 4 peoole,USD,1,0.82,0.82,2,14.29%,7,"1,735.00",200.00%,0
big bang sauna,USD,1,0.02,0.02,3,20.00%,5,"1,680.00",300.00%,0
sauna for sale,USD,"1,529",2,2,4,2.06%,"74,245","1,664.00",0.26%,0.26
finnelo b820 cost,USD,1,4.72,4.72,1,100.00%,1,"1,467.00",100.00%,1
dynamic saunas,USD,350,2.9,2.9,4,3.52%,"9,952","1,440.00",1.15%,0.8
build a dry sauna,USD,1,0.95,0.95,3,33.33%,3,"1,230.00",300.00%,0
inrared sauna,USD,17,3.07,3.07,4,17.71%,96,"1,221.00",23.53%,0.55
buy infrared sauna,USD,121,4.43,4.43,6,9.19%,"1,316","1,202.00",4.96%,0.6
hot sauna for home,USD,5,3.33,3.33,1,16.67%,30,"1,170.00",20.00%,0.13
gdi 8020 01 full spectrum,USD,1,0.33,0.33,3,6.67%,15,"1,167.50",300.00%,0
rainbow infared saunas,USD,1,1.08,1.08,1,100.00%,1,"1,167.50",100.00%,7
skandia infared sauna,USD,1,1,1,2,100.00%,1,"1,098.00",200.00%,2
sauna celebrations,USD,1,0.11,0.11,1,100.00%,1,"1,072.50",100.00%,1
infrared sona,USD,8,3.53,3.53,1,50.00%,16,"1,070.00",12.50%,1.38
sauna for homes,USD,31,4.12,4.12,1,15.90%,195,"1,070.00",3.33%,0.29
home sauna,USD,"2,612",1.94,1.94,3,1.63%,"160,549","1,065.00",0.11%,0.67
sauna installation,USD,58,1.81,1.81,1,3.39%,"1,710","1,065.00",1.72%,0.41
bathroom sauna,USD,10,0.58,0.58,1,2.15%,465,"1,060.00",10.00%,0
best infrared sauna consumer reports,USD,34,3.12,3.12,1,1.57%,"2,164","1,050.00",2.94%,0.49
st louis sauna kits,USD,1,3.09,3.09,2,100.00%,1,"1,045.00",200.00%,4
american sale saunas,USD,1,1.44,1.44,5,100.00%,1,"1,045.00",500.00%,3
infared sauna,USD,"1,891",2.9,2.9,3.8,2.20%,"85,854","1,020.00",0.20%,0.85
best deal on saunas,USD,4,1.97,1.97,2,50.00%,8,"1,017.50",50.00%,0.75
celebrationsaunas,USD,44,1.63,1.63,8,91.67%,48,"1,002.50",18.18%,1.02
home sauna kits,USD,324,2.85,2.85,3,5.50%,"5,895",910,0.93%,0.75
radiant saunas vs saturn saunas,USD,1,1.76,1.76,1,100.00%,1,890,100.00%,2
sun ray 4 person sauna reiew,USD,1,2.82,2.82,1,100.00%,1,890,100.00%,2
armana infra red sauna,USD,1,3.63,3.63,3,100.00%,1,890,300.00%,2
dry sauna kits,USD,166,3.1,3.1,1,7.80%,"2,127",890,0.61%,0.78
electric sauna,USD,137,1.24,1.24,2,1.38%,"9,907",890,1.46%,0.01
sauna lubbock,USD,5,1.83,1.83,1,50.00%,10,890,20.00%,1.3
ratings for infrared saunas,USD,2,1.28,1.28,1,100.00%,2,890,50.00%,2
dynamic 3 person sauna,USD,25,1.77,1.77,1,3.42%,731,890,4.00%,0.04
infa sauna,USD,1,3.67,3.67,1,100.00%,1,890,100.00%,3
building sauna at home basement,USD,1,1.06,1.06,7,25.00%,4,890,700.00%,0
sauna purchase,USD,26,2.07,2.07,3,7.83%,332,890,11.54%,0.49
saunaray,USD,169,2.69,2.69,2,17.94%,942,880,1.18%,1.09
golden designs saunas celebration saunas,USD,1,2.75,2.75,2,100.00%,1,772,200.00%,1
celbration ir sauna,USD,1,2.79,2.79,1,100.00%,1,772,100.00%,2
celebrations sauna,USD,54,0.96,0.96,2.5,27.27%,198,767,4.63%,0.32
sauna tulsa,USD,3,1.67,1.67,1,150.00%,2,760,33.33%,1
eclipse celebrarion sauna,USD,1,2.36,2.36,1,100.00%,1,760,100.00%,1
solaris 3 person corner commercial grade sauna,USD,3,0.96,0.96,2,100.00%,3,760,66.67%,0.67
far infrared vs full spectrum sauna,USD,6,3.32,3.32,2,46.15%,13,760,33.33%,1.62
low elf saunas,USD,1,4.22,4.22,2,100.00%,1,760,200.00%,2
far infrared sauna purchase,USD,4,2.45,2.45,1,36.36%,11,760,25.00%,0.18
saunas zero emf,USD,1,1.73,1.73,1,100.00%,1,760,100.00%,1
pick up a dry sauna 110 v in everett wa,USD,1,1.19,1.19,1,20.00%,5,760,100.00%,4.2
low emf infrared sauna with chromatic therapy,USD,1,4,4,1,100.00%,1,760,100.00%,1
cyber monday saunas,USD,1,1.22,1.22,1,100.00%,1,760,100.00%,3
dry sauna on sale,USD,1,1.43,1.43,5,100.00%,1,760,500.00%,1
sauna costco,USD,89,2.44,2.44,1,3.30%,"2,699",760,1.12%,0.37
infared sauna for home use,USD,2,3.14,3.14,1,66.67%,3,760,50.00%,0.33
celebration sauna sale,USD,2,2.88,2.88,1,100.00%,2,760,50.00%,1
far infrared sauna 3 person,USD,6,3.05,3.05,1,20.69%,29,760,16.67%,1.1
saunas for sale,USD,"1,352",2.5,2.5,3,3.62%,"37,324",752,0.22%,0.4
health benefits of sauna,USD,33,2.34,2.34,3,6.41%,515,724,9.09%,1.68
good health saunas,USD,111,3.36,3.36,2,2.11%,"5,253",724,1.80%,0.42
portable steam sauna,USD,29,1.2,1.2,1.2,0.81%,"3,580",696,4.14%,0
wholesale jacquiizz sauan,USD,1,1.94,1.94,2,100.00%,1,680,200.00%,1
phoenix 4 person sauna,USD,1,2.15,2.15,1,100.00%,1,680,100.00%,1
infated corner saunas,USD,2,1.8,1.8,1,18.18%,11,675,50.00%,0
celabrationsaunas,USD,1,9.69,9.69,2,100.00%,1,672,200.00%,1
celebration saunas reviews,USD,14,2.34,2.34,2,5.22%,268,672,14.29%,0.06
farinfaredsauna,USD,1,2.83,2.83,2,100.00%,1,644,200.00%,2
celebration saunas com,USD,23,1.13,1.13,2,85.19%,27,644,8.70%,1.37
sauna deals,USD,12,1.34,1.34,0.6,12.63%,95,636,5.00%,0.43
best infrared sauna's,USD,1,4.95,4.95,1,100.00%,1,626.25,100.00%,3
indoor saunas,USD,118,2.12,2.12,0.5,5.08%,"2,321",615,0.42%,0.38
4 person saunas,USD,45,3.23,3.23,1,10.34%,435,615,2.22%,0.63
sauna heaters,USD,3,0.99,0.99,0.5,0.27%,"1,093",615,16.67%,0
infareed sauna,USD,2,2.22,2.22,2,66.67%,3,585,100.00%,1.67
financing for sauna,USD,3,4.01,4.01,1,100.00%,3,585,33.33%,1
best 3 person indoor sauna,USD,1,3.18,3.18,2,50.00%,2,580,200.00%,3
sauna corner indoor lifetime warranty,USD,1,8.29,8.29,1,100.00%,1,580,100.00%,1
outdoor saunas for sale,USD,12,1.07,1.07,1,1.33%,901,580,8.33%,0
saunas to lay,USD,2,1.18,1.18,1,200.00%,1,580,50.00%,0
best indoor sauna,USD,24,3.5,3.5,1,29.27%,82,549,4.17%,1.65
new 4 person canadian redwood cedar fir infrared sauna spa 6 wide carbon fiber health & beauty salon & spa equipment other salon,USD,2,4.62,4.62,3,200.00%,1,549,150.00%,1
low emf infrared sauna,USD,271,3.55,3.55,1,6.65%,"4,076",549,0.37%,2.07
high tech infrared sauna,USD,3,4.85,4.85,2,100.00%,3,549,66.67%,2
infrared sauna benefits,USD,577,1.46,1.46,2,1.13%,"51,081",549,0.35%,0.38
gdi 6254 01,USD,5,1.58,1.58,1,23.81%,21,549,20.00%,0
infared sauna commercial,USD,2,4.38,4.38,1,100.00%,2,549,50.00%,3.5
sauna three person,USD,2,1.3,1.3,1,7.41%,27,525,50.00%,0
4 person far infrared sauna,USD,17,5.02,5.02,0.5,15.04%,113,508.75,2.94%,0.3
sauna sales tacoma wa,USD,3,4.63,4.63,1,100.00%,3,495,33.33%,2.67
infrared sauna comparison,USD,4,4.52,4.52,1,66.67%,6,495,25.00%,1.67
celebration starlight sauna,USD,2,1.36,1.36,1,100.00%,2,495,50.00%,1
go health sauna fix sale,USD,1,3.68,3.68,1,100.00%,1,485,100.00%,1
sauna kits indoor,USD,283,3,3,3,9.42%,"3,004",481,1.06%,0.95
celebration infrared sauna,USD,36,2.28,2.28,1.07,27.07%,133,480,2.96%,0.58
indoor home saunas,USD,13,2.93,2.93,1,43.33%,30,480,7.69%,0.7
sauna dealers madison wisconsin,USD,1,2.37,2.37,1,100.00%,1,480,100.00%,1
sauna kits corpus christi tx,USD,1,4.69,4.69,1,100.00%,1,480,100.00%,1
infinity sauna,USD,31,2.98,2.98,2,56.36%,55,480,6.45%,1.44
4 person infrared sauna,USD,130,4.49,4.49,1,5.68%,"2,288",480,0.78%,0.31
how much does a chrom sauna cost to buy,USD,1,2.3,2.3,1,100.00%,1,480,100.00%,3
portable personal steam rooms,USD,1,1.1,1.1,0.8,100.00%,1,464,80.00%,0
commercial saunas,USD,36,1.45,1.45,1,9.97%,361,445,2.78%,0.51
4 person sauna 60 off,USD,1,2.49,2.49,1,50.00%,2,445,100.00%,1
clearlight sauna,USD,123,3.3,3.3,1,6.21%,"1,982",430,0.81%,2.57
dynamic palermo 3 person far infrared sauna,USD,49,3.13,3.13,1,4.29%,"1,141",430,2.04%,1.8
dry heat saunas costco,USD,1,1.86,1.86,1,100.00%,1,430,100.00%,2
2 to 3 person sauna for sale,USD,1,2.12,2.12,0.4,4.76%,21,424,40.00%,0
low elf sauna dynamic florence,USD,1,1.06,1.06,2,100.00%,1,407,200.00%,2
infrared sauna stores,USD,2,3,3,2,100.00%,2,407,100.00%,3
saunas for sale in syracuse ny,USD,1,3.92,3.92,2,100.00%,1,407,200.00%,2
saunas with lifetime warranty,USD,2,4,4,1,100.00%,2,380,50.00%,1
three person sauna,USD,39,2.32,2.32,2,5.44%,717,380,5.26%,0.1
full spectrum sauna,USD,131,3.64,3.64,2,7.59%,"1,725",380,1.53%,1.54
infrared spas,USD,19,1.71,1.71,1,7.17%,265,362,5.26%,0.18
biophoton infaraed sauna,USD,1,3.71,3.71,1,100.00%,1,362,100.00%,1
sauna infrared,USD,247,2.73,2.73,3,3.71%,"6,663",362,1.21%,1.01
personal infrared saunas,USD,16,3.74,3.74,1,26.67%,60,362,6.25%,3.02
dynamic saunas amz mx k306 01 maxxus marseille 3 person far infrared sauna,USD,3,2.4,2.4,1,2.63%,114,362,33.33%,2.05
celbration saunas,USD,11,3.03,3.03,3,52.38%,21,362,27.27%,0.48
costco infrared sauna,USD,87,2.92,2.92,1,7.70%,"1,130",362,1.18%,0.9
commercial sauna,USD,57,1.15,1.15,3,5.00%,"1,141",362,5.26%,0.1
infra red saunas,USD,119,3.8,3.8,1,24.34%,489,362,0.84%,1.76
health benefits of a sauna,USD,31,1.86,1.86,3,9.63%,322,362,9.68%,1.89
dynamic infrared saunas,USD,13,3.13,3.13,1,16.67%,78,362,7.69%,0.38
what sauna has the lowest emf,USD,1,1.05,1.05,2,100.00%,1,362,200.00%,1
dry saunas for sale,USD,69,2.38,2.38,1,6.18%,"1,117",362,1.45%,0.19
backcountry saunas,USD,1,3.07,3.07,4,100.00%,1,362,400.00%,2
home corner sauna,USD,11,2.37,2.37,1,9.65%,114,362,9.09%,0.07
finland sauna,USD,32,1.6,1.6,1,6.30%,508,362,3.12%,1.35
celebration sauna coupon,USD,1,1.25,1.25,1,100.00%,1,362,100.00%,1
infrared home sauna,USD,52,2.79,2.79,3,4.33%,"1,200",322,5.77%,0.31
dynamic saunas amz dyn 6210 01 venice 2 person far infrared sauna,USD,6,3.98,3.98,1,4.51%,133,322,16.67%,1.97
celebration sauna reviews,USD,26,3.48,3.48,1,46.43%,56,322,3.85%,1
health benefits of infrared sauna,USD,85,1.82,1.82,1,6.32%,"1,344",322,1.18%,0.88
crlebration saunas,USD,2,0.52,0.52,2,200.00%,1,240,100.00%,1
jnh saunas,USD,25,4.1,4.1,2,23.15%,108,240,8.00%,1.31
celebration infrared spas,USD,12,2.19,2.19,2,13.19%,91,240,16.67%,0.11
sauna kansas city,USD,6,3.46,3.46,2,33.33%,18,240,33.33%,1.33
rocky mountain saunas,USD,94,4.09,4.09,2,13.39%,702,240,2.13%,1.73
celbration sauna,USD,13,0.99,0.99,0.4,118.18%,11,232,3.08%,1
low emf sauna,USD,258,3.2,3.2,6.5,8.91%,"2,897",168,2.52%,1.19
bluetooth sauna,USD,1,2.52,2.52,0.5,50.00%,2,168,50.00%,1
titan saunas,USD,2,6.45,6.45,0.2,100.00%,2,135,10.00%,1.5
phone numbwr for hemlock saunas,USD,1,2.34,2.34,1,100.00%,1,120,100.00%,2
ideal sauna customer service,USD,1,3.64,3.64,1,100.00%,1,120,100.00%,1
what do you mean we give me a price on portable saunas,USD,1,1.9,1.9,1,100.00%,1,120,100.00%,2
lifesmart sauna company,USD,20,3.12,3.12,1,74.07%,27,120,5.00%,1.52
celebration sauras,USD,1,2.66,2.66,1,100.00%,1,120,100.00%,1
west coast saunas,USD,36,3.46,3.46,1,37.50%,96,120,2.78%,2.22
saunatec,USD,56,2.31,2.31,1,17.45%,321,120,1.79%,1.32
dry sauna price,USD,12,1.56,1.56,1,16.22%,74,120,8.33%,0.09
show stores name sporting stores that sell portable saunas,USD,1,1.64,1.64,1,100.00%,1,120,100.00%,1
wayfair suana,USD,1,2.79,2.79,1,100.00%,1,120,100.00%,2
home saunas puget sound,USD,2,2.35,2.35,1,200.00%,1,120,50.00%,1
phone number for sauna bob saunas,USD,1,2.05,2.05,1,100.00%,1,120,100.00%,2
fixmysauna com,USD,8,3.18,3.18,1,100.00%,8,120,12.50%,1
celebration saunas customer service,USD,1,3.71,3.71,1,100.00%,1,120,100.00%,1
electrical sauna kit pilar,USD,1,2.26,2.26,1,100.00%,1,120,100.00%,2
bathhouses in bakersfield,USD,3,1.73,1.73,1,150.00%,2,120,33.33%,1
golden design sauna,USD,110,2.59,2.59,3,4.74%,"2,321",120,2.73%,0.2
american infrared sauna,USD,31,2.49,2.49,1,25.00%,124,120,3.23%,0.91
jnh sauna,USD,177,3.67,3.67,2,8.81%,"2,010",120,1.13%,1.41
buy sauna,USD,154,2.76,2.76,1,4.56%,"3,380",120,0.65%,0.46
dry saunas,USD,157,2.59,2.59,2,5.81%,"2,700",120,1.30%,0.56
sauna tech of minnesota,USD,1,3.08,3.08,1,100.00%,1,120,100.00%,1
great american sauna company,USD,50,2.51,2.51,1,34.48%,145,120,2.00%,1.28
one person far infrared sauna,USD,23,3.15,3.15,1,46.00%,50,120,4.35%,2.22
where can i buy infrared sauna in miami beach,USD,2,4.85,4.85,1,66.67%,3,120,50.00%,1.67
durherm sauna,USD,14,3.28,3.28,1,46.67%,30,120,7.14%,1.93
eze sauna,USD,11,1.99,1.99,1,37.93%,29,120,9.09%,1.55
viking sauna company sandiago california,USD,1,3.53,3.53,1,100.00%,1,120,100.00%,1
ok google can i have the phone number of somebody that sells cedrus infrared saunas in the lynnwood seattle area thank you,USD,1,1.64,1.64,1,100.00%,1,120,100.00%,3
sunlighten sauna 107 overland park kansas,USD,1,1.92,1.92,1,100.00%,1,120,100.00%,2
health star infared sauna customer service,USD,1,1.3,1.3,1,100.00%,1,120,100.00%,3
therasauna,USD,189,2.87,2.87,1,9.32%,"2,028",120,0.53%,1.11
cedrus saunas,USD,23,2.94,2.94,1,39.66%,58,120,4.35%,1.07
dynamic bergamo sauna,USD,40,1.81,1.81,1,11.90%,336,120,2.50%,0.83
clearlight sauna works,USD,1,1.02,1.02,1,50.00%,2,120,100.00%,2
dynamic sauna instructions,USD,1,1.12,1.12,1,25.00%,4,120,100.00%,1.25
sisu sauna studio east main street chattanooga tn,USD,2,1.8,1.8,1,100.00%,2,120,50.00%,1.5
cedrus sanua,USD,1,4.27,4.27,1,50.00%,2,120,100.00%,1.5
celebrity sauna,USD,21,2.1,2.1,2,87.50%,24,120,9.52%,1.04
220v corner sauna,USD,1,3.05,3.05,1,100.00%,1,120,100.00%,2
4 person sauna,USD,293,3.35,3.35,1,3.40%,"8,620",120,0.34%,0.25
sauna rooms,USD,91,1.48,1.48,1,1.20%,"7,602",120,1.10%,0.11
dry saunas that are sold on zimmerly road in wichita kansas,USD,2,5.13,5.13,1,200.00%,1,120,50.00%,1
costco saunas on sale 3 person,USD,2,0.85,0.85,1,200.00%,1,120,50.00%,3
finnleo sauna,USD,195,5.27,5.27,1,4.15%,"4,695",120,0.52%,0.52
sauna illness,USD,1,8.33,8.33,0.2,50.00%,2,105,20.00%,1
celebration saunas 3 person,USD,4,2.22,2.22,0.15,100.00%,4,87,3.75%,1.25
hime sauna,USD,5,4.21,4.21,0.13,26.32%,19,67.83,2.67%,0.68
celeberationsauna,USD,1,0.61,0.61,0.13,100.00%,1,67.83,13.33%,1
small dry saunas,USD,5,2.36,2.36,1,12.82%,39,1,20.00%,0.13
perspire sauna studio huntington beach ca,USD,1,4.19,4.19,1,50.00%,2,1,100.00%,1.5
best infrared sauna lyme,USD,1,2.63,2.63,0,100.00%,1,0,0.00%,2
3 person wet dry sauna,USD,1,1.28,1.28,0,100.00%,1,0,0.00%,1
tunnel far infrared sauna,USD,1,4.44,4.44,0,100.00%,1,0,0.00%,1
amerec sauna dealer,USD,2,4.35,4.35,0,100.00%,2,0,0.00%,3
the number one rated far infrared sauna,USD,1,3.48,3.48,0,100.00%,1,0,0.00%,3
bask infrared sauna,USD,1,3.27,3.27,0,20.00%,5,0,0.00%,3
bestportable infrared sauna 2018,USD,1,2.01,2.01,0,100.00%,1,0,0.00%,5
easy finance infrared sauna,USD,1,3.76,3.76,0,100.00%,1,0,0.00%,1
full spectrum sauna clearlight sale,USD,1,1.76,1.76,0,100.00%,1,0,0.00%,4
www truly heal sauna,USD,1,4.31,4.31,0,100.00%,1,0,0.00%,1
what's the average price for a sunlighten mpulse sauna,USD,1,2.11,2.11,0,100.00%,1,0,0.00%,3
golden designs sauna gd16232,USD,2,2.52,2.52,0,33.33%,6,0,0.00%,1.5
sams com infrared sauna,USD,2,2.82,2.82,0,200.00%,1,0,0.00%,1
sunray saunas,USD,6,4.23,4.23,0,27.27%,22,0,0.00%,1.5
mercola infrae saunas,USD,1,3.39,3.39,0,100.00%,1,0,0.00%,1
steam shower tub combo reviews,USD,1,1.14,1.14,0,100.00%,1,0,0.00%,0
buy a infrared sauna for your home,USD,5,4.62,4.62,0,83.33%,6,0,0.00%,2
intex sauna,USD,1,1.56,1.56,0,100.00%,1,0,0.00%,1
home sauna room for sale,USD,1,3.34,3.34,0,100.00%,1,0,0.00%,2
sauna from sams,USD,1,1.02,1.02,0,14.29%,7,0,0.00%,0
is salem athletic club's sauna infered,USD,1,4.61,4.61,0,100.00%,1,0,0.00%,1
old sauna gen,USD,1,7.86,7.86,0,100.00%,1,0,0.00%,1
what type of sauna for lyme,USD,3,3.14,3.14,0,100.00%,3,0,0.00%,2.33
xxl portable sauna,USD,1,2.02,2.02,0,100.00%,1,0,0.00%,1
2 man dry sauna health & beauty,USD,1,1.67,1.67,0,100.00%,1,0,0.00%,1
far infrared sauna grand rapids mi,USD,3,3.63,3.63,0,75.00%,4,0,0.00%,2
purtech sauna,USD,1,0.41,0.41,0,100.00%,1,0,0.00%,0
photo genius inrared sauna price list,USD,1,3.38,3.38,0,100.00%,1,0,0.00%,1
does sauna help you lose weight,USD,12,1.34,1.34,0,16.22%,74,0,0.00%,1.22
0 financing on saunas,USD,1,1.07,1.07,0,100.00%,1,0,0.00%,1
sauna showers sale,USD,2,2.32,2.32,0,100.00%,2,0,0.00%,1
what to drink after a sauna,USD,1,2.02,2.02,0,50.00%,2,0,0.00%,1
dynamics sauana,USD,1,0.46,0.46,0,100.00%,1,0,0.00%,1
best indoor sauna wirecutter,USD,1,3.17,3.17,0,100.00%,1,0,0.00%,1
infrared sauna price,USD,34,2.25,2.25,0,6.02%,565,0,0.00%,0.17
infrared sauna specials,USD,1,3.41,3.41,0,100.00%,1,0,0.00%,1
sauna for sale rancho cordova,USD,2,3.58,3.58,0,100.00%,2,0,0.00%,1
higher dose infrared,USD,4,3.94,3.94,0,100.00%,4,0,0.00%,1.25
infrared saunas of siouxland 31059 juniper ave hinton iowa,USD,2,2.25,2.25,0,100.00%,2,0,0.00%,1.5
sauna for two people model empv sr h2,USD,1,3.17,3.17,0,100.00%,1,0,0.00%,1
twin cities full spectrum sauna,USD,1,2.59,2.59,0,100.00%,1,0,0.00%,2
the medical saunas 1,USD,1,0.58,0.58,0,100.00%,1,0,0.00%,0
west coast saunas del mar,USD,2,2.88,2.88,0,66.67%,3,0,0.00%,1.33
safe sauna,USD,1,8.64,8.64,0,100.00%,1,0,0.00%,1
saunas sale in nj,USD,2,3.16,3.16,0,20.00%,10,0,0.00%,1
cedar infrared saunas,USD,4,4.11,4.11,0,80.00%,5,0,0.00%,3
wooden sauna box,USD,2,1.26,1.26,0,200.00%,1,0,0.00%,0
home sauna medical 6 plus,USD,1,1.87,1.87,0,100.00%,1,0,0.00%,1
electric saina,USD,1,0.83,0.83,0,3.57%,28,0,0.00%,0
www infrared sauna,USD,4,3.93,3.93,0,80.00%,5,0,0.00%,1.2
sanctuary 2 sauna pricing,USD,1,3.34,3.34,0,100.00%,1,0,0.00%,1
infrared sauna dual wave,USD,1,1.94,1.94,0,100.00%,1,0,0.00%,3
infrared sauna for sale scottsdale az,USD,2,1.08,1.08,0,200.00%,1,0,0.00%,7
4 person indoor sauna kit,USD,1,6.68,6.68,0,100.00%,1,0,0.00%,1
jnh lifestyles freedom 1 person infrared sauna,USD,2,1.38,1.38,0,33.33%,6,0,0.00%,3
best natural low emf saunas,USD,1,1.7,1.7,0,100.00%,1,0,0.00%,1
how much is a clearlight sanctuary sauna,USD,1,8.35,8.35,0,100.00%,1,0,0.00%,1
ready sauna for sale,USD,1,2.06,2.06,0,50.00%,2,0,0.00%,1
infrared sauna 40 inches in depth,USD,1,6.29,6.29,0,100.00%,1,0,0.00%,1
heat sauna blanket,USD,1,1.94,1.94,0,12.50%,8,0,0.00%,0
setting up a portable infrared sauna,USD,1,1.16,1.16,0,20.00%,5,0,0.00%,0
insta red sauna,USD,1,1,1,0,100.00%,1,0,0.00%,0
easy setup home sauan,USD,1,2.29,2.29,0,100.00%,1,0,0.00%,4
az sauna instalation,USD,1,2.97,2.97,0,100.00%,1,0,0.00%,1
far infrared heat,USD,6,3.39,3.39,0,42.86%,14,0,0.00%,2.21
saunex price,USD,2,3.98,3.98,0,100.00%,2,0,0.00%,1
infrared sauna safe step,USD,1,1.46,1.46,0,100.00%,1,0,0.00%,5
pearson infrared sauna,USD,1,3.3,3.3,0,100.00%,1,0,0.00%,1
what's the value of a 4 person vital sauna,USD,2,4.48,4.48,0,200.00%,1,0,0.00%,1
saunas for sale in raleigh nc,USD,1,4.66,4.66,0,100.00%,1,0,0.00%,1
garden saunas,USD,1,1.48,1.48,0,100.00%,1,0,0.00%,1
infrared spas for one,USD,1,3.71,3.71,0,100.00%,1,0,0.00%,1
adiant saunas,USD,1,3.79,3.79,0,100.00%,1,0,0.00%,0
boise sauna,USD,1,2.89,2.89,0,100.00%,1,0,0.00%,1
size home sauna,USD,2,1.55,1.55,1,33.33%,6,0,50.00%,0
can i dry sauna with stitches,USD,1,1.77,1.77,0,50.00%,2,0,0.00%,1.5
sauna outlet needed,USD,1,1,1,0,100.00%,1,0,0.00%,1
sauna home for home,USD,1,1.87,1.87,0,100.00%,1,0,0.00%,1
farr infrared sauna cost,USD,1,3.43,3.43,0,100.00%,1,0,0.00%,1
3 person waterstar infrared sauna,USD,1,1.3,1.3,0,100.00%,1,0,0.00%,1
infrared sauna wholesaler,USD,1,10.44,10.44,0,100.00%,1,0,0.00%,1
dynamic polymer 3 person sauna,USD,1,2.84,2.84,0,100.00%,1,0,0.00%,1
mpulse empower infrared sauna,USD,1,1.26,1.26,0,50.00%,2,0,0.00%,0
portable souna massachusetts,USD,1,1.01,1.01,0,100.00%,1,0,0.00%,3
health mate 3 person infrared sauna,USD,5,2.69,2.69,0,83.33%,6,0,0.00%,2.67
sauna release form,USD,1,4.05,4.05,0,100.00%,1,0,0.00%,1
near infrared sauna for 1 person,USD,1,2.61,2.61,0,100.00%,1,0,0.00%,3
tussan saunas,USD,1,3.52,3.52,0,100.00%,1,0,0.00%,1
saunas for sale in twin cities,USD,1,2.39,2.39,0,100.00%,1,0,0.00%,2
sauna suntech,USD,1,4.2,4.2,0,100.00%,1,0,0.00%,1
3 person sauna 3 person all saunas,USD,1,2.82,2.82,0,16.67%,6,0,0.00%,1
sauna and hot tub kit,USD,1,0.91,0.91,0,20.00%,5,0,0.00%,0
home sauna images,USD,2,3.18,3.18,0,13.33%,15,0,0.00%,0.07
sunlight sauna is 3 2015 model,USD,1,1.94,1.94,0,100.00%,1,0,0.00%,4
portable sauna wood,USD,1,1.71,1.71,0,50.00%,2,0,0.00%,1.5
the 10 best saunas,USD,1,3.1,3.1,0,100.00%,1,0,0.00%,1
indoor sauna requirments for ca,USD,1,5.11,5.11,0,100.00%,1,0,0.00%,1
cost of in home sauna,USD,15,1.88,1.88,0,5.30%,283,0,0.00%,0.25
4 man celebration sauna,USD,1,2.71,2.71,0,100.00%,1,0,0.00%,2
sauna worce3ster,USD,1,21.02,21.02,0,100.00%,1,0,0.00%,1
radiant saunas salem 1 person far infrared sauna,USD,1,4.03,4.03,0,33.33%,3,0,0.00%,2.33
infared saunas f or sale oklahoma,USD,1,3.33,3.33,0,50.00%,2,0,0.00%,2
far infrared sauna idaho falls,USD,1,1.8,1.8,0,100.00%,1,0,0.00%,2
personal infrared sauna rooms,USD,1,2.79,2.79,0,50.00%,2,0,0.00%,2
alternatives to infrared sauna at home,USD,1,2.47,2.47,0,100.00%,1,0,0.00%,1
golden designs sauna parts,USD,1,1.11,1.11,0,1.96%,51,0,0.00%,0
infared sauna self assemble,USD,1,3.9,3.9,0,100.00%,1,0,0.00%,1
sauana purse,USD,1,1.85,1.85,0,9.09%,11,0,0.00%,0
outdoor spas and sauna,USD,1,0.8,0.8,0,5.00%,20,0,0.00%,0
sauna for sale jacksonville florida,USD,1,2.62,2.62,0,100.00%,1,0,0.00%,2
